model_name,optimizer,lr,accuracy,val_accuracy,tp %,tn %
model_bigger_biggest_lstm_v16,Adagrad,0.001,"[0.3399050831794739, 0.3362541198730469, 0.3362541198730469, 0.3559693396091461, 0.3504016101360321, 0.3973165452480316, 0.4817451536655426, 0.4952537417411804, 0.5039247870445251, 0.4969879388809204, 0.494432270526886, 0.5078495740890503, 0.5010952949523926, 0.5046550035476685, 0.516338050365448, 0.5248265862464905, 0.5320372581481934, 0.5295728445053101, 0.5365096926689148, 0.5443592667579651, 0.5485578775405884, 0.5411646366119385, 0.5425337553024292, 0.5523000955581665, 0.5520262718200684, 0.5637093782424927, 0.5516611933708191, 0.5492880344390869, 0.5547645092010498, 0.5557685494422913, 0.5512048006057739, 0.5638006329536438, 0.5645308494567871]","[0.33175182342529297, 0.33175182342529297, 0.33175182342529297, 0.33175182342529297, 0.3755474388599396, 0.4543795585632324, 0.47481751441955566, 0.47919708490371704, 0.4806569218635559, 0.5032846927642822, 0.5091241002082825, 0.5021897554397583, 0.48649635910987854, 0.5087591409683228, 0.5193430781364441, 0.5240876078605652, 0.5266423225402832, 0.5390511155128479, 0.5383211970329285, 0.5397810339927673, 0.5313868522644043, 0.5394160747528076, 0.5405109524726868, 0.5416058301925659, 0.5554744601249695, 0.5310218930244446, 0.546350359916687, 0.5587591528892517, 0.5620437860488892, 0.5540146231651306, 0.5689781308174133, 0.5602189898490906, 0.5678831934928894]",0.5656886069257203,0.5088757396449705
